Course ID,Overall Score,Topic,Topic Average Score,Scored Comment Count,Reliability,Feedback,Classification Status,Topic Supported,Evidence Quote,Sentiment,Score,Confidence,Scoring Status,Reasoning,Topic Summary
CHEM_20B_COMBINED_REPORT,4.63,Course organization and structure,4.73,26,mixed_confidence,"Exactly as the class should have been. Professor Wu obviously cares about his students success and I feel as though he did everything possible to set us up for success. I don't know if this will come across the way I intend it to but I really appreciate how normal this class was. What I mean is that it didn't consume too much of my time or attention but I still came out having learned everything I needed to; it was a very seamless experience. I feel as though I got exactly what I wanted out of this class (a stress–free experience learning the basics of chemistry) and had I wanted something else (say, an introduction to the marvels of chemistry) Wu could have provided that too. Thank you professor Wu and keep up the good work <3",classified,True,Exactly as the class should have been.,positive,5,1.0,scored,"The feedback explicitly mentions that Professor Wu's organization and structure were excellent, allowing students to learn without consuming too much time or attention.","Summary of Course organization and structure: 26 assigned comments; 26 scored; average 4.73/5; 25 positive, 0 neutral, 1 negative. The course organization and structure was widely praised for being well-organized, clear, and easy to follow, with many students appreciating Professor Wu's ability to present complex concepts in a digestible manner."
CHEM_20B_COMBINED_REPORT,4.63,Course organization and structure,4.73,26,mixed_confidence,"Eric Wu is a HUGE step up from the last professor who taught chemistry. He is a phenomenal educator who focuses mostly on the logical and understanding parts of chemistry. Taking out most of the memorizing parts, it allows students to fully immerse into thinking how chemistry works. Afterall, it is how the exams, homework, and discussions are structured, solving through deconstruction and reconstruction of the problem. The lectures themselves explains thoroughly through the steps of each step, calculations, or concept. Lectures are beautifully structured with multiple options to engage such as asking questions during the lecture through a QR code, provided downloadable notes, office hours, and plenty more.",classified,True,"Afterall, it is how the exams, homework, and discussions are structured, solving through deconstruction and reconstruction of the problem.",positive,5,1.0,scored,"The feedback explicitly mentions the course organization and structure being well-structured, allowing students to fully immerse into thinking about chemistry.",
CHEM_20B_COMBINED_REPORT,4.63,Course organization and structure,4.73,26,mixed_confidence,"Great professor, the only thing was that the lectures were very fast. Sometimes it made it hard to follow along. I think a good solution would be to do less examples, and spend more times on the ones that we do in lecture.",classified,True,Sometimes it made it hard to follow along.,negative,2,0.8,scored,"The feedback mentions that lectures were very fast and sometimes made it hard to follow, which indicates some issues with course organization and structure.",
CHEM_20B_COMBINED_REPORT,4.63,Course organization and structure,4.73,26,mixed_confidence,"Professor Wu is a wonderful teacher and is very organized and clear with his teaching. I appreciate that he provided a myriad of resources and practice material along with lecture notes and midterm review sessions. He explains well the content of the class and makes frequent pauses throughout his lectures for answering questions. I appreciate that he is a fair grader and provides opportunities for students to achieve the best grade possible in the class. The pace of the class did seem a bit fast and rushed at times, but overall, Professor Wu did a good job of covering the material well in the ten weeks of the quarter.",classified,True,Professor Wu is very organized and clear with his teaching.,positive,5,0.9,scored,"The feedback explicitly praises Professor Wu's organization and clarity, indicating that the course organization and structure were excellent.",
CHEM_20B_COMBINED_REPORT,4.63,Course organization and structure,4.73,26,mixed_confidence,"Dr. Wu's knowledge of chemistry is evident in his teaching. Every lecture was well prepared and provided information in a clear and organized way. It is also obvious that Dr. Wu truly cares about helping students learn. He provides a lot of helpful resources before every exam and also holds review sessions. Overall, he is a great teacher.",classified,True,Every lecture was well prepared and provided information in a clear and organized way.,positive,5,0.9,scored,"The feedback explicitly mentions that Dr. Wu's lectures were well-prepared, clear, and organized, which is strong evidence for excellent course organization and structure.",
CHEM_20B_COMBINED_REPORT,4.63,Course organization and structure,4.73,26,mixed_confidence,"One of Wu's greatest strengths is his lecture–filled notes. If we are already familiar with the course material, we can just follow the lecture with the notes without having to write down anything. It is also a great tool for reviewing before, say, a midterm or the final exam. Another great strength of his is his coffee hours that he has with students after class. It's nice to get to know your teacher personally and establish a great connection. His final strength is the review sessions he has before midterms. They are well–organized and go over a good chunk of the material. The only weakness I can think of with Wu is how fast he goes during his lectures.",classified,True,One of Wu's greatest strengths is his lecture–filled notes.,positive,4,0.9,scored,"The feedback explicitly mentions Wu's organized notes and how they are helpful for reviewing before exams, which indicates a positive sentiment towards the course organization and structure.",
CHEM_20B_COMBINED_REPORT,4.63,Course organization and structure,4.73,26,mixed_confidence,"Professor Wu was very organized with his lecture notes and always posted materials online, which were very helpful. His review sessions prior to midterms were also very helpful and definitely contributed to my success in the class.",classified,True,Professor Wu was very organized with his lecture notes...,positive,5,0.9,scored,"The instructor was described as 'very organized' and posted materials online, indicating a clear and well-structured course.",
CHEM_20B_COMBINED_REPORT,4.63,Course organization and structure,4.73,26,mixed_confidence,"Very organized, very manageable workload and difficulty, extremely helpful resources and practice problems for studying, lectures moved a little fast at times but not too bad, very conducive to learning overall",classified,True,Very organized,positive,5,0.7,scored,"The instructor is described as 'very organized', which indicates a clear and well-structured course organization.",
CHEM_20B_COMBINED_REPORT,4.63,Course organization and structure,4.73,26,mixed_confidence,"Professor Wu is very organized and teaches in a way that was digestible. I hope my future teachers are like him because even though this class was tough, I was able to thrive due to his teaching techniques.",classified,True,Professor Wu is very organized and teaches in a way that was digestible.,positive,5,1.0,scored,"The feedback explicitly praises Professor Wu's organization, indicating a clear and well-structured course.",
CHEM_20B_COMBINED_REPORT,4.63,Course organization and structure,4.73,26,mixed_confidence,Excellent communicator and very organized. Only weakness of this course is that it seems to do a lot of hand–waving over more complex concepts.,classified,True,very organized,positive,4,0.8,scored,"The feedback praises the instructor as 'very organized', indicating a clear and well-structured course.",
CHEM_20B_COMBINED_REPORT,4.63,Course organization and structure,4.73,26,mixed_confidence,"He's awesome, does lecture in a clear and concise way, explains what we need to know before exams, class is organized.",classified,True,"He's awesome, does lecture in a clear and concise way",positive,5,0.0,scored,"The feedback explicitly mentions that the instructor is 'clear and concise', which indicates excellent course organization and structure.",
CHEM_20B_COMBINED_REPORT,4.63,Course organization and structure,4.73,26,mixed_confidence,"Professor Wu led an organized, well structured class with a lot of helpful resources.",classified,True,"Professor Wu led an organized, well structured class with a lot of helpful resources.",positive,5,1.0,scored,"The feedback explicitly mentions that the professor led an 'organized' and 'well-structured' class, indicating clear course organization and structure.",
CHEM_20B_COMBINED_REPORT,4.63,Course organization and structure,4.73,26,mixed_confidence,Dr. Wu is very organized and his lectures reflect his test and quizzes.,classified,True,Dr. Wu is very organized,positive,5,0.9,scored,"The feedback explicitly mentions Dr. Wu's organization, which is a clear indication of good course organization and structure.",
CHEM_20B_COMBINED_REPORT,4.63,Course organization and structure,4.73,26,mixed_confidence,Eric is an excellent professor. From his lectures to his homework to his tests he is very organized and very communicative.,classified,True,very organized,positive,5,0.8,scored,"The feedback explicitly states that Eric is 'very organized', which shows a clear understanding of course organization and structure, indicating excellent support for learning.",
CHEM_20B_COMBINED_REPORT,4.63,Course organization and structure,4.73,26,mixed_confidence,Professor Wu is extremely organized and explains concepts very clearly. He truly wants to help students succeed.,classified,True,Professor Wu is extremely organized and explains concepts very clearly.,positive,5,1.0,scored,"The feedback explicitly states that Professor Wu is organized, which supports the topic of course organization and structure.",
CHEM_20B_COMBINED_REPORT,4.63,Course organization and structure,4.73,26,mixed_confidence,Professor Wu understands how to teach an undergraduate course. Workloads are manageable and the class is well–taught.,classified,True,Workloads are manageable,positive,4,0.8,scored,"The feedback explicitly mentions that workloads are manageable, indicating a clear and well-structured course organization.",
CHEM_20B_COMBINED_REPORT,4.63,Course organization and structure,4.73,26,mixed_confidence,Dr. Wu was amazing! Great lecturer who is very well organized and clearly cares about his students.,classified,True,Great lecturer who is very well organized,positive,5,1.0,scored,"The feedback explicitly praises Dr. Wu's organization, which directly relates to course organization and structure.",
CHEM_20B_COMBINED_REPORT,4.63,Course organization and structure,4.73,26,mixed_confidence,Professor Wu is an amazing professor! His lectures are super organized and he gives students notetakers as a guide.,classified,True,His lectures are super organized,positive,5,1.0,scored,"The feedback explicitly mentions Professor Wu's lectures being 'super organized', which is clear evidence that the course organization and structure were excellent.",
CHEM_20B_COMBINED_REPORT,4.63,Course organization and structure,4.73,26,mixed_confidence,"Very organized, clear and concise.",classified,True,Very organized,positive,5,1.0,scored,"The feedback explicitly praises the course organization and structure as 'very organized', indicating that it is clear and well-structured.",
CHEM_20B_COMBINED_REPORT,4.63,Course organization and structure,4.73,26,mixed_confidence,Professor Wu was very organized in his lecture notes and very good at breaking down complicated concepts.,classified,True,Professor Wu was very organized in his lecture notes...,positive,5,1.0,scored,"The feedback explicitly mentions Professor Wu's organization, which indicates that he has a clear and effective course structure.",
CHEM_20B_COMBINED_REPORT,4.63,Course organization and structure,4.73,26,mixed_confidence,Professor Wu is extremely organized and adapts based on feedback.,classified,True,Professor Wu is extremely organized and adapts based on feedback.,positive,5,1.0,scored,"The instructor's organization and adaptability are explicitly praised, indicating a clear and effective course structure.",
CHEM_20B_COMBINED_REPORT,4.63,Course organization and structure,4.73,26,mixed_confidence,Very organized and great communication.,classified,True,Very organized,positive,5,1.0,scored,"The feedback explicitly mentions 'very organized', which clearly refers to course organization and structure, indicating that the instructor's organization is effective.",
CHEM_20B_COMBINED_REPORT,4.63,Course organization and structure,4.73,26,mixed_confidence,Some strengths include organization and being welcoming.,classified,True,Some strengths include organization...,positive,4,0.8,scored,"The feedback highlights 'organization' as one of the professor's strengths, indicating that the course has a clear and organized structure.",
CHEM_20B_COMBINED_REPORT,4.63,Course organization and structure,4.73,26,mixed_confidence,Professor Wu is extremely organized and clear as a lecturer.,classified,True,Professor Wu is extremely organized,positive,5,1.0,scored,"The feedback explicitly states that Professor Wu is 'extremely organized', which directly supports this topic.",
CHEM_20B_COMBINED_REPORT,4.63,Course organization and structure,4.73,26,mixed_confidence,"Very organized, and the class material is easy to understand.",classified,True,"Very organized, and the class material is easy to understand.",positive,5,1.0,scored,The feedback explicitly states that the course organization is very good and makes it easy to understand.,
CHEM_20B_COMBINED_REPORT,4.63,Course organization and structure,4.73,26,mixed_confidence,This instructor is fantastic and very organized.,classified,True,This instructor is fantastic and very organized.,positive,5,0.8,scored,"The use of 'very organized' indicates that the course organization and structure were well-structured, making it easy to understand.",
CHEM_20B_COMBINED_REPORT,4.63,Pace,3.0,10,mixed_confidence,"Great professor, the only thing was that the lectures were very fast. Sometimes it made it hard to follow along. I think a good solution would be to do less examples, and spend more times on the ones that we do in lecture.",classified,True,Sometimes it made it hard to follow along.,negative,2,0.8,scored,"The feedback explicitly mentions that the lectures were very fast, which makes learning difficult.","Summary of Pace: 10 assigned comments; 10 scored; average 3.0/5; 3 positive, 2 neutral, 5 negative. The pace of the course was criticized by some students, who felt that it moved too quickly and made it difficult to keep up with the material."
CHEM_20B_COMBINED_REPORT,4.63,Pace,3.0,10,mixed_confidence,"Professor Wu is a wonderful teacher and is very organized and clear with his teaching. I appreciate that he provided a myriad of resources and practice material along with lecture notes and midterm review sessions. He explains well the content of the class and makes frequent pauses throughout his lectures for answering questions. I appreciate that he is a fair grader and provides opportunities for students to achieve the best grade possible in the class. The pace of the class did seem a bit fast and rushed at times, but overall, Professor Wu did a good job of covering the material well in the ten weeks of the quarter.",classified,True,The pace of the class did seem a bit fast and rushed at times...,neutral,3,0.8,scored,"The feedback explicitly mentions that the pace was 'a bit fast' and 'rushed at times', indicating a neutral sentiment towards this topic.",
CHEM_20B_COMBINED_REPORT,4.63,Pace,3.0,10,mixed_confidence,"Professor Wu is one of the best professors I've had since coming to UCLA. I really like his teaching style and how much he cares for his students. His lectures are consistently clear and paced well. His exams are fair – not too challenging, but also not too easy.",classified,True,His lectures are consistently clear and paced well.,positive,5,0.8,scored,"The feedback explicitly states that the professor's lectures are 'paced well', indicating a reasonable pace that supports learning.",
CHEM_20B_COMBINED_REPORT,4.63,Pace,3.0,10,mixed_confidence,All the info needed for exams were on his slides and given to us. I think the exams tested our knowledge adequately. I think the pace of his class was quick which made me overwhelmed at times.,classified,True,the pace of his class was quick which made me overwhelmed at times.,neutral,3,0.8,scored,"The feedback explicitly mentions that the course pace is quick, which caused the student to feel overwhelmed.",
CHEM_20B_COMBINED_REPORT,4.63,Pace,3.0,10,mixed_confidence,He was the best professor I have had so far. He takes the time to really help us grasp the topic while still keeping us at a good pace to finish the class.,classified,True,He keeps us at a good pace to finish the class.,positive,5,0.9,scored,The feedback explicitly mentions that the professor 'keeps us at a good pace' which aligns with the rubric's definition of topic 'Pace'.,
CHEM_20B_COMBINED_REPORT,4.63,Pace,3.0,10,mixed_confidence,"Great lecturer and note taker, though tends to talk too quickly.",classified,True,tends to talk too quickly,negative,2,0.8,scored,"The lecturer talks too quickly, which makes it hard to keep up.",
CHEM_20B_COMBINED_REPORT,4.63,Pace,3.0,10,mixed_confidence,Excellent course. Only criticism is lectures move very quickly.,classified,True,lectures move very quickly,negative,2,0.8,scored,"The feedback explicitly mentions that lectures move too quickly, indicating a slow pace.",
CHEM_20B_COMBINED_REPORT,4.63,Pace,3.0,10,mixed_confidence,"Chemistry is difficult and a lot to digest, but Professor Wu made it extremely manageable.",classified,True,Professor Wu made it extremely manageable.,positive,5,0.8,scored,"The feedback explicitly mentions that Professor Wu made the difficult material manageable, implying a reasonable pace that supports learning.",
CHEM_20B_COMBINED_REPORT,4.63,Pace,3.0,10,mixed_confidence,Strengths: simplifying course material. Weakness: fast pacing.,classified,True,Weakness: fast pacing,negative,2,0.9,scored,"The feedback explicitly states that one of the professor's weaknesses is the fast pacing, which suggests that the pace is not well-suited for learning.",
CHEM_20B_COMBINED_REPORT,4.63,Pace,3.0,10,mixed_confidence,He is a great lecturer but his midterms are too long for 50 minutes.,classified,True,He is a great lecturer but his midterms are too long for 50 minutes.,negative,1,0.5,scored,"The 'too long' part indicates that the pace of the course makes it difficult to keep up, which aligns with a score of 1.",
CHEM_20B_COMBINED_REPORT,4.63,Workload,3.67,3,low_sample,"Very organized, very manageable workload and difficulty, extremely helpful resources and practice problems for studying, lectures moved a little fast at times but not too bad, very conducive to learning overall",classified,True,Very manageable workload and difficulty,positive,5,0.8,scored,"The feedback explicitly mentions that the workload was 'very manageable', indicating a well-balanced and easy-to-handle course.","Summary of Workload: 3 assigned comments; 3 scored; average 3.67/5; 2 positive, 0 neutral, 1 negative. The qualitative theme that emerges is that students generally found the course workload to be manageable, with some commenting that it was ""very organized"" and ""extremely manageable."""
CHEM_20B_COMBINED_REPORT,4.63,Workload,3.67,3,low_sample,All the info needed for exams were on his slides and given to us. I think the exams tested our knowledge adequately. I think the pace of his class was quick which made me overwhelmed at times.,classified,True,which made me overwhelmed at times,negative,1,0.8,scored,"The feedback mentions that the pace of the class was quick, which caused feelings of overwhelm, indicating a high workload",
CHEM_20B_COMBINED_REPORT,4.63,Workload,3.67,3,low_sample,"Chemistry is difficult and a lot to digest, but Professor Wu made it extremely manageable.",classified,True,Professor Wu made it extremely manageable.,positive,5,0.9,scored,"The feedback explicitly states that Professor Wu made the difficult and challenging material 'extremely manageable', which indicates a workload that was well-paced and not overwhelming.",
CHEM_20B_COMBINED_REPORT,4.63,Student engagement and participation,5.0,2,low_sample,"Eric Wu is a HUGE step up from the last professor who taught chemistry. He is a phenomenal educator who focuses mostly on the logical and understanding parts of chemistry. Taking out most of the memorizing parts, it allows students to fully immerse into thinking how chemistry works. Afterall, it is how the exams, homework, and discussions are structured, solving through deconstruction and reconstruction of the problem. The lectures themselves explains thoroughly through the steps of each step, calculations, or concept. Lectures are beautifully structured with multiple options to engage such as asking questions during the lecture through a QR code, provided downloadable notes, office hours, and plenty more.",classified,True,"multiple options to engage such as asking questions during the lecture through a QR code, provided downloadable notes, office hours, and plenty more.",positive,5,0.9,scored,"The feedback highlights various opportunities for students to engage with the course material, including asking questions during lectures, which supports student engagement and participation.","Summary of Student engagement and participation: 2 assigned comments; 2 scored; average 5.0/5; 2 positive, 0 neutral, 0 negative. The course was highly engaging, with Eric Wu's teaching style and variety of engagement options, such as asking questions during lectures through QR codes, allowing students to fully immerse themselves in learning."
CHEM_20B_COMBINED_REPORT,4.63,Student engagement and participation,5.0,2,low_sample,His ability to explain concepts in a way that keeps students engaged.,classified,True,His ability to explain concepts in a way that keeps students engaged.,positive,5,0.8,scored,"The feedback directly mentions student engagement and participation, indicating the instructor's ability to keep students engaged.",
CHEM_20B_COMBINED_REPORT,4.63,Clarity of explanations,4.74,43,mixed_confidence,"Exactly as the class should have been. Professor Wu obviously cares about his students success and I feel as though he did everything possible to set us up for success. I don't know if this will come across the way I intend it to but I really appreciate how normal this class was. What I mean is that it didn't consume too much of my time or attention but I still came out having learned everything I needed to; it was a very seamless experience. I feel as though I got exactly what I wanted out of this class (a stress–free experience learning the basics of chemistry) and had I wanted something else (say, an introduction to the marvels of chemistry) Wu could have provided that too. Thank you professor Wu and keep up the good work <3",classified,True,I appreciate how normal this class was.,positive,5,0.9,scored,"The feedback explicitly states that Professor Wu explained concepts clearly, making it easy to understand and learn.","Summary of Clarity of explanations: 43 assigned comments; 43 scored; average 4.74/5; 41 positive, 1 neutral, 1 negative. Here is a concise sentence summarizing the qualitative themes: Professor Eric Wu's lectures are widely praised for being clear, organized, and well-paced, making complex concepts approachable and easy to understand."
CHEM_20B_COMBINED_REPORT,4.63,Clarity of explanations,4.74,43,mixed_confidence,"Eric Wu is a HUGE step up from the last professor who taught chemistry. He is a phenomenal educator who focuses mostly on the logical and understanding parts of chemistry. Taking out most of the memorizing parts, it allows students to fully immerse into thinking how chemistry works. Afterall, it is how the exams, homework, and discussions are structured, solving through deconstruction and reconstruction of the problem. The lectures themselves explains thoroughly through the steps of each step, calculations, or concept. Lectures are beautifully structured with multiple options to engage such as asking questions during the lecture through a QR code, provided downloadable notes, office hours, and plenty more.",classified,True,"The lectures themselves explains thoroughly through the steps of each step, calculations, or concept.",positive,5,0.9,scored,"This quote directly states that Eric Wu's explanations are thorough and easy to follow, which indicates a high level of clarity.",
CHEM_20B_COMBINED_REPORT,4.63,Clarity of explanations,4.74,43,mixed_confidence,"Great professor, the only thing was that the lectures were very fast. Sometimes it made it hard to follow along. I think a good solution would be to do less examples, and spend more times on the ones that we do in lecture.",classified,True,Sometimes it made it hard to follow along.,negative,1,0.5,scored,"The student explicitly states that the explanations were too fast, making it difficult to understand.",
CHEM_20B_COMBINED_REPORT,4.63,Clarity of explanations,4.74,43,mixed_confidence,"Professor Wu is a wonderful teacher and is very organized and clear with his teaching. I appreciate that he provided a myriad of resources and practice material along with lecture notes and midterm review sessions. He explains well the content of the class and makes frequent pauses throughout his lectures for answering questions. I appreciate that he is a fair grader and provides opportunities for students to achieve the best grade possible in the class. The pace of the class did seem a bit fast and rushed at times, but overall, Professor Wu did a good job of covering the material well in the ten weeks of the quarter.",classified,True,He explains well the content of the class...,positive,5,0.8,scored,"The feedback explicitly states that Professor Wu explains concepts well, which aligns with the topic definition.",
CHEM_20B_COMBINED_REPORT,4.63,Clarity of explanations,4.74,43,mixed_confidence,"Dr. Wu's knowledge of chemistry is evident in his teaching. Every lecture was well prepared and provided information in a clear and organized way. It is also obvious that Dr. Wu truly cares about helping students learn. He provides a lot of helpful resources before every exam and also holds review sessions. Overall, he is a great teacher.",classified,True,Every lecture was well prepared and provided information in a clear and organized way.,positive,5,0.9,scored,"The feedback explicitly states that Dr. Wu's explanations were clear and well-prepared, indicating that he effectively conveyed concepts to students.",
CHEM_20B_COMBINED_REPORT,4.63,Clarity of explanations,4.74,43,mixed_confidence,"One of Wu's greatest strengths is his lecture–filled notes. If we are already familiar with the course material, we can just follow the lecture with the notes without having to write down anything. It is also a great tool for reviewing before, say, a midterm or the final exam. Another great strength of his is his coffee hours that he has with students after class. It's nice to get to know your teacher personally and establish a great connection. His final strength is the review sessions he has before midterms. They are well–organized and go over a good chunk of the material. The only weakness I can think of with Wu is how fast he goes during his lectures.",classified,True,One of Wu's greatest strengths is his lecture–filled notes.,positive,4,0.8,scored,"The feedback highlights the clarity and usefulness of Wu's notes, which is a key aspect of this topic.",
CHEM_20B_COMBINED_REPORT,4.63,Clarity of explanations,4.74,43,mixed_confidence,"Eric explains concepts very clearly with an emphasis on intuition and he encourages students to understand the material rather than rely solely on rote memory. His enthusiasm for chemistry is contagious. He is extremely welcoming, knowledgeable, approachable, and responsive to questions, and he takes the time to make sure students understand what is going on.",classified,True,Eric explains concepts very clearly with an emphasis on intuition,positive,5,1.0,scored,"The feedback explicitly states that Eric's explanations are clear, which matches the rubric definition for a score of 5.",
CHEM_20B_COMBINED_REPORT,4.63,Clarity of explanations,4.74,43,mixed_confidence,Very good at lecturing and very good at giving extra materials to study. Tests and homework were very fair and tested what we learned in class. One of the best professors I have had at UCLA in 5 quarters.,classified,True,Very good at lecturing,positive,5,1.0,scored,"The feedback explicitly states that the professor 'is very good at lecturing', which supports the topic of clarity of explanations.",
CHEM_20B_COMBINED_REPORT,4.63,Clarity of explanations,4.74,43,mixed_confidence,Professor Wu is extremely understanding and caring about his students needs. During the fires he was the only professor of mine to offer accommodations to those struggling. Not only is he extremely kind but he is a very good lecturer as well.,classified,True,he is a very good lecturer as well.,positive,5,0.8,scored,"The feedback explicitly states that Professor Wu is a 'very good lecturer', which suggests that he explains concepts clearly.",
CHEM_20B_COMBINED_REPORT,4.63,Clarity of explanations,4.74,43,mixed_confidence,"Professor Wu is very good at explaining math concepts, but he doesn't always explain the conceptual side of things very well. I think that he could focus a bit more on explaining the conceptual aspects of the class.",classified,True,Professor Wu is very good at explaining math concepts...,neutral,3,0.5,scored,"The feedback states that Professor Wu is 'very good' at explaining math concepts, but also mentions that he doesn't always explain the conceptual side of things well, which suggests some room for improvement.",
CHEM_20B_COMBINED_REPORT,4.63,Clarity of explanations,4.74,43,mixed_confidence,Great lecture style and posts notes and recordings which is very useful. Test prep is provided which I like. No complaints!,classified,True,Great lecture style and posts notes and recordings which is very useful.,positive,5,0.9,scored,"The feedback explicitly states that the instructor had a 'great lecture style' and provided notes and recordings, indicating clear explanations.",
CHEM_20B_COMBINED_REPORT,4.63,Clarity of explanations,4.74,43,mixed_confidence,Fair with his exams and an excellent lecturer,classified,True,an excellent lecturer,positive,5,0.8,scored,"The feedback explicitly states that the instructor explains topics well, which supports this topic.",
CHEM_20B_COMBINED_REPORT,4.63,Clarity of explanations,4.74,43,mixed_confidence,"Professor Wu is one of the best professors I've had since coming to UCLA. I really like his teaching style and how much he cares for his students. His lectures are consistently clear and paced well. His exams are fair – not too challenging, but also not too easy.",classified,True,His lectures are consistently clear,positive,5,0.9,scored,"The feedback explicitly states that Professor Wu's lectures are 'consistently clear', which suggests that his explanations are very clear and easy to understand.",
CHEM_20B_COMBINED_REPORT,4.63,Clarity of explanations,4.74,43,mixed_confidence,"Professor Wu is very organized and teaches in a way that was digestible. I hope my future teachers are like him because even though this class was tough, I was able to thrive due to his teaching techniques.",classified,True,teaches in a way that was digestible,positive,5,0.8,scored,"The feedback explicitly states that Professor Wu's explanations were 'digestible', which indicates clear and easy-to-understand explanations.",
CHEM_20B_COMBINED_REPORT,4.63,Clarity of explanations,4.74,43,mixed_confidence,He was the best professor I have had so far. He takes the time to really help us grasp the topic while still keeping us at a good pace to finish the class.,classified,True,He takes the time to really help us grasp the topic,positive,5,0.8,scored,"The feedback explicitly states that the professor 'takes the time to really help us grasp the topic', indicating clear explanations and supporting learning.",
CHEM_20B_COMBINED_REPORT,4.63,Clarity of explanations,4.74,43,mixed_confidence,I really enjoyed being in Professor Wu's class this quarter! I would highly recommend anyone to take him in the future. He gives clear explanations for topics and provides lots of examples.,classified,True,He gives clear explanations for topics,positive,5,0.9,scored,"The feedback explicitly states that Professor Wu provides clear explanations, which matches the topic definition.",
CHEM_20B_COMBINED_REPORT,4.63,Clarity of explanations,4.74,43,mixed_confidence,Professor Wu is a fantastic professor all around. He accounts for different learning styles and is very thorough in his lectures.,classified,True,He accounts for different learning styles and is very thorough in his lectures.,positive,5,0.8,scored,"The feedback explicitly states how Professor Wu explains concepts, highlighting the thoroughness of his lectures.",
CHEM_20B_COMBINED_REPORT,4.63,Clarity of explanations,4.74,43,mixed_confidence,Great at teaching the content and makes the learning very straightforward. Gives wonderful examples to help his students learn.,classified,True,Gives wonderful examples to help his students learn.,positive,5,0.8,scored,"The feedback explicitly states that the instructor provides clear and helpful examples, which suggests a high level of clarity in their explanations.",
CHEM_20B_COMBINED_REPORT,4.63,Clarity of explanations,4.74,43,mixed_confidence,"He's awesome, does lecture in a clear and concise way, explains what we need to know before exams, class is organized.",classified,True,"explains what we need to know before exams, class is organized.",positive,5,0.8,scored,"The feedback explicitly states that the instructor explains concepts in a clear and concise way, which aligns with the topic definition.",
CHEM_20B_COMBINED_REPORT,4.63,Clarity of explanations,4.74,43,mixed_confidence,Dr. Wu is very organized and his lectures reflect his test and quizzes.,classified,True,Dr. Wu is very organized and his lectures reflect his test and quizzes.,positive,5,0.8,scored,"The feedback explicitly states that Dr. Wu's explanations (in the form of lectures) are well-organized, implying that they were clear and easy to understand.",
CHEM_20B_COMBINED_REPORT,4.63,Clarity of explanations,4.74,43,mixed_confidence,"Wu is very explanatory and in depth with the material. However, material is very advanced for those without a background in chemistry.",classified,True,Wu is very explanatory and in depth with the material.,positive,5,0.9,scored,"The instructor's explanations were clear and made sense, making it easy to understand the material.",
CHEM_20B_COMBINED_REPORT,4.63,Clarity of explanations,4.74,43,mixed_confidence,"Great lecturer and note taker, though tends to talk too quickly.",classified,True,Great lecturer,positive,4,0.5,scored,"The feedback explicitly praises the instructor's explanation, stating they are 'great', which supports clear explanations.",
CHEM_20B_COMBINED_REPORT,4.63,Clarity of explanations,4.74,43,mixed_confidence,Eric is an excellent professor. From his lectures to his homework to his tests he is very organized and very communicative.,classified,True,very communicative,positive,4,0.9,scored,"Eric's explanations are clear and effectively conveyed, which supports the score of 4.",
CHEM_20B_COMBINED_REPORT,4.63,Clarity of explanations,4.74,43,mixed_confidence,Professor Wu is extremely organized and explains concepts very clearly. He truly wants to help students succeed.,classified,True,explains concepts very clearly,positive,5,0.7,scored,"The feedback explicitly states that Professor Wu explains concepts clearly, which is strong evidence for this topic.",
CHEM_20B_COMBINED_REPORT,4.63,Clarity of explanations,4.74,43,mixed_confidence,Professor Wu understands how to teach an undergraduate course. Workloads are manageable and the class is well–taught.,classified,True,Professor Wu understands how to teach an undergraduate course.,positive,5,0.9,scored,"The feedback explicitly states that Professor Wu knows how to teach, which suggests that he can explain concepts clearly.",
CHEM_20B_COMBINED_REPORT,4.63,Clarity of explanations,4.74,43,mixed_confidence,"Phenomenal professor, explains everything thoroughly in lectures and prepares perfect practice and review sessions.",classified,True,explains everything thoroughly in lectures,positive,5,1.0,scored,"The feedback explicitly states that the professor explains concepts well, which aligns with this topic's definition.",
CHEM_20B_COMBINED_REPORT,4.63,Clarity of explanations,4.74,43,mixed_confidence,"Professor Eric was always prepared with clear lectures and notes, and provided us with various resources.",classified,True,Professor Eric was always prepared with clear lectures and notes,positive,4,0.8,scored,The feedback explicitly states that Professor Eric's lectures were 'clear' which indicates a high level of understanding and support for learning.,
CHEM_20B_COMBINED_REPORT,4.63,Clarity of explanations,4.74,43,mixed_confidence,I like his teaching and the problem set problems are effective in teaching me the material.,classified,True,I like his teaching,positive,5,0.8,scored,"The feedback explicitly states that the instructor's teaching is effective in teaching material, indicating clear explanations.",
CHEM_20B_COMBINED_REPORT,4.63,Clarity of explanations,4.74,43,mixed_confidence,"Professor Wu was an excellent teacher. He explained topics well, and I really appreciate that he recorded the lectures.",classified,True,He explained topics well,positive,5,0.8,scored,"The feedback explicitly states that Professor Wu explained topics well, which suggests very clear explanations.",
CHEM_20B_COMBINED_REPORT,4.63,Clarity of explanations,4.74,43,mixed_confidence,Dr. Wu was amazing! Great lecturer who is very well organized and clearly cares about his students.,classified,True,Great lecturer who is very well organized and clearly cares about his students.,positive,5,0.8,scored,"The feedback explicitly states that Dr. Wu is a 'great lecturer' and 'very well organized', which implies that he explained concepts clearly.",
CHEM_20B_COMBINED_REPORT,4.63,Clarity of explanations,4.74,43,mixed_confidence,Professor Wu is an amazing professor! His lectures are super organized and he gives students notetakers as a guide.,classified,True,His lectures are super organized and he gives students notetakers as a guide.,positive,5,1.0,scored,"The feedback explicitly states that Professor Wu's explanations (lectures) are well-organized, which suggests clarity of explanations.",
CHEM_20B_COMBINED_REPORT,4.63,Clarity of explanations,4.74,43,mixed_confidence,I think Dr. Wu is always very helpful. He is really good at explaining topics in a way that is easy to understand.,classified,True,He is really good at explaining topics in a way that is easy to understand.,positive,5,1.0,scored,"The feedback explicitly states that Dr. Wu explains topics in an easy-to-understand manner, indicating clear explanations.",
CHEM_20B_COMBINED_REPORT,4.63,Clarity of explanations,4.74,43,mixed_confidence,"He is one of the best professors I've had so far, his explanations are so clear.",classified,True,"He is one of the best professors I've had so far, his explanations are so clear.",positive,5,1.0,scored,"The feedback explicitly states that the professor's explanations are clear, which matches rubric score 5.",
CHEM_20B_COMBINED_REPORT,4.63,Clarity of explanations,4.74,43,mixed_confidence,"Very organized, clear and concise.",classified,True,clear and concise,positive,5,0.8,scored,"The feedback explicitly states that the instructor's explanations are clear and concise, which matches the rubric score of 5.",
CHEM_20B_COMBINED_REPORT,4.63,Clarity of explanations,4.74,43,mixed_confidence,The professor clearly cares about student learning and provides plenty of helpful material.,classified,True,The professor clearly cares about student learning... (emphasis on clarity of explanations),positive,5,0.8,scored,"The feedback explicitly states that the professor provides 'plenty of helpful material', which suggests that their explanations are clear and easy to understand, supporting a score of 5.",
CHEM_20B_COMBINED_REPORT,4.63,Clarity of explanations,4.74,43,mixed_confidence,His ability to explain concepts in a way that keeps students engaged.,classified,True,His ability to explain concepts in a way that keeps students engaged.,positive,5,0.9,scored,"The feedback explicitly praises the instructor's ability to explain concepts, indicating very clear explanations.",
CHEM_20B_COMBINED_REPORT,4.63,Clarity of explanations,4.74,43,mixed_confidence,Eric Wu does a very good job of lecturing and making sure we understand the concepts.,classified,True,Eric Wu does a very good job of lecturing and making sure we understand the concepts.,positive,5,0.9,scored,"The feedback explicitly states that Eric Wu makes an effort to ensure students understand the concepts, indicating clear explanations.",
CHEM_20B_COMBINED_REPORT,4.63,Clarity of explanations,4.74,43,mixed_confidence,Professor Wu was very organized in his lecture notes and very good at breaking down complicated concepts.,classified,True,...and very good at breaking down complicated concepts.,positive,5,1.0,scored,The feedback highlights Professor Wu's ability to clearly explain complex concepts.,
CHEM_20B_COMBINED_REPORT,4.63,Clarity of explanations,4.74,43,mixed_confidence,Dr. Wu hosts helpful review sessions and makes lectures entertaining.,classified,True,Dr. Wu makes lectures entertaining.,positive,5,0.8,scored,"The feedback explicitly states that Dr. Wu's explanations are entertaining, indicating a high level of clarity and ease in understanding.",
CHEM_20B_COMBINED_REPORT,4.63,Clarity of explanations,4.74,43,mixed_confidence,Professor Wu knows what he's teaching and can be understood by many.,classified,True,Professor Wu knows what he's teaching and can be understood by many.,positive,4,0.8,scored,"The feedback explicitly states that Professor Wu can be understood, indicating clear explanations.",
CHEM_20B_COMBINED_REPORT,4.63,Clarity of explanations,4.74,43,mixed_confidence,Eric helped to make Chemistry approachable.,classified,True,Eric helped to make Chemistry approachable.,positive,5,0.8,scored,"The feedback explicitly states that Eric's explanations made chemistry approachable, indicating a high level of clarity.",
CHEM_20B_COMBINED_REPORT,4.63,Clarity of explanations,4.74,43,mixed_confidence,Professor Wu is extremely organized and clear as a lecturer.,classified,True,Professor Wu is extremely organized and clear as a lecturer.,positive,5,0.9,scored,"The feedback explicitly states that Professor Wu's explanations are clear, which matches the topic definition.",
CHEM_20B_COMBINED_REPORT,4.63,Clarity of explanations,4.74,43,mixed_confidence,"Very organized, and the class material is easy to understand.",classified,True,the class material is easy to understand.,positive,5,1.0,scored,"The feedback explicitly states that the class material is easy to understand, indicating that the instructor's explanations are clear and effective in conveying the concepts.",
CHEM_20B_COMBINED_REPORT,4.63,Effectiveness of assignments,5.0,6,reliable,"Eric Wu is a HUGE step up from the last professor who taught chemistry. He is a phenomenal educator who focuses mostly on the logical and understanding parts of chemistry. Taking out most of the memorizing parts, it allows students to fully immerse into thinking how chemistry works. Afterall, it is how the exams, homework, and discussions are structured, solving through deconstruction and reconstruction of the problem. The lectures themselves explains thoroughly through the steps of each step, calculations, or concept. Lectures are beautifully structured with multiple options to engage such as asking questions during the lecture through a QR code, provided downloadable notes, office hours, and plenty more.",classified,True,"Afterall, it is how the exams, homework, and discussions are structured, solving through deconstruction and reconstruction of the problem.",positive,5,1.0,scored,"The feedback explicitly mentions that Eric Wu's approach to teaching chemistry is effective, which supports the effectiveness of assignments.","Summary of Effectiveness of assignments: 6 assigned comments; 6 scored; average 5.0/5; 6 positive, 0 neutral, 0 negative. Here is one concise sentence summarizing the qualitative themes: The majority of students found Eric Wu's assignments to be highly effective in teaching and practicing chemistry concepts, with many comments highlighting their value in promoting deep understanding and problem-solving skills."
CHEM_20B_COMBINED_REPORT,4.63,Effectiveness of assignments,5.0,6,reliable,Very good at lecturing and very good at giving extra materials to study. Tests and homework were very fair and tested what we learned in class. One of the best professors I have had at UCLA in 5 quarters.,classified,True,Tests and homework were very fair and tested what we learned in class.,positive,5,0.8,scored,"The evidence quote explicitly mentions that assignments (tests and homework) were effective at testing what was learned in class, indicating high effectiveness.",
CHEM_20B_COMBINED_REPORT,4.63,Effectiveness of assignments,5.0,6,reliable,"Very organized, very manageable workload and difficulty, extremely helpful resources and practice problems for studying, lectures moved a little fast at times but not too bad, very conducive to learning overall",classified,True,extremely helpful resources and practice problems for studying,positive,5,0.8,scored,"The feedback explicitly states that the resources and practice problems are extremely helpful, indicating a high level of effectiveness in assignments.",
CHEM_20B_COMBINED_REPORT,4.63,Effectiveness of assignments,5.0,6,reliable,"Wu is very explanatory and in depth with the material. However, material is very advanced for those without a background in chemistry.",classified,True,Wu is very explanatory and in depth with the material.,positive,5,0.8,scored,The feedback explicitly mentions that Wu is 'very explanatory and in depth' which suggests that the assignments were effective in teaching the material.,
CHEM_20B_COMBINED_REPORT,4.63,Effectiveness of assignments,5.0,6,reliable,Eric is an excellent professor. From his lectures to his homework to his tests he is very organized and very communicative.,classified,True,From his lectures to his homework to his tests he is very organized and very communicative.,positive,5,0.8,scored,"The feedback mentions all three aspects of assignments (lectures, homework, and tests), indicating that the professor's approach to assignments is well-structured and supportive of student learning.",
CHEM_20B_COMBINED_REPORT,4.63,Effectiveness of assignments,5.0,6,reliable,I like his teaching and the problem set problems are effective in teaching me the material.,classified,True,the problem set problems are effective in teaching me the material.,positive,5,0.9,scored,"The feedback explicitly states that the assignments (problem sets) are effective in teaching the material, indicating a high level of understanding and practice.",
CHEM_20B_COMBINED_REPORT,4.63,Classroom atmosphere,5.0,2,low_sample,"Eric explains concepts very clearly with an emphasis on intuition and he encourages students to understand the material rather than rely solely on rote memory. His enthusiasm for chemistry is contagious. He is extremely welcoming, knowledgeable, approachable, and responsive to questions, and he takes the time to make sure students understand what is going on.",classified,True,He is extremely welcoming...,positive,5,1.0,scored,"The feedback explicitly mentions that Eric is 'extremely welcoming', which indicates a very positive and supportive classroom atmosphere.","Summary of Classroom atmosphere: 2 assigned comments; 2 scored; average 5.0/5; 2 positive, 0 neutral, 0 negative. Here is a concise sentence summarizing the qualitative themes: The instructor creates a welcoming and supportive classroom atmosphere that fosters enthusiasm for learning."
CHEM_20B_COMBINED_REPORT,4.63,Classroom atmosphere,5.0,2,low_sample,"Very excellent professor and lecturer. The environment he fosters for his students is impeccable, and his dedication towards his students shines.",classified,True,The environment he fosters for his students is impeccable,positive,5,1.0,scored,"The feedback explicitly mentions that the professor fosters an impeccable environment, indicating a very welcoming and positive classroom atmosphere.",
CHEM_20B_COMBINED_REPORT,4.63,Instructor's communication and availability,4.85,13,mixed_confidence,"Eric Wu is a HUGE step up from the last professor who taught chemistry. He is a phenomenal educator who focuses mostly on the logical and understanding parts of chemistry. Taking out most of the memorizing parts, it allows students to fully immerse into thinking how chemistry works. Afterall, it is how the exams, homework, and discussions are structured, solving through deconstruction and reconstruction of the problem. The lectures themselves explains thoroughly through the steps of each step, calculations, or concept. Lectures are beautifully structured with multiple options to engage such as asking questions during the lecture through a QR code, provided downloadable notes, office hours, and plenty more.",classified,True,"The lectures themselves explains thoroughly through the steps of each step, calculations, or concept.",positive,5,0.9,scored,"The instructor's communication and availability are highlighted as a strength, with emphasis on thorough explanations during lectures.","Summary of Instructor's communication and availability: 13 assigned comments; 13 scored; average 4.85/5; 13 positive, 0 neutral, 0 negative. Here is a concise sentence summarizing the qualitative themes: The instructor's effective communication and availability were consistently praised, with students describing Eric Wu as welcoming, approachable, organized, and responsive to questions."
CHEM_20B_COMBINED_REPORT,4.63,Instructor's communication and availability,4.85,13,mixed_confidence,"Eric explains concepts very clearly with an emphasis on intuition and he encourages students to understand the material rather than rely solely on rote memory. His enthusiasm for chemistry is contagious. He is extremely welcoming, knowledgeable, approachable, and responsive to questions, and he takes the time to make sure students understand what is going on.",classified,True,"He is extremely welcoming, knowledgeable, approachable, and responsive to questions, and he takes the time to make sure students understand what is going on.",positive,5,1.0,scored,The instructor's extreme responsiveness and willingness to ensure students understand the material demonstrate excellent communication and availability.,
CHEM_20B_COMBINED_REPORT,4.63,Instructor's communication and availability,4.85,13,mixed_confidence,Excellent communicator and very organized. Only weakness of this course is that it seems to do a lot of hand–waving over more complex concepts.,classified,True,Excellent communicator,positive,5,0.8,scored,"The feedback explicitly mentions that the instructor is an 'excellent communicator', which indicates high availability and responsiveness.",
CHEM_20B_COMBINED_REPORT,4.63,Instructor's communication and availability,4.85,13,mixed_confidence,Professor Wu was very good about making students feel welcome and he made himself very approachable.,classified,True,Professor Wu was very good about making students feel welcome and he made himself very approachable.,positive,5,0.8,scored,"The feedback explicitly mentions the instructor's accessibility and availability, using phrases like 'making students feel welcome' and 'made himself very approachable', indicating that the instructor is available and approachable.",
CHEM_20B_COMBINED_REPORT,4.63,Instructor's communication and availability,4.85,13,mixed_confidence,Eric is an excellent professor. From his lectures to his homework to his tests he is very organized and very communicative.,classified,True,very communicative,positive,5,0.8,scored,"The feedback explicitly states that the professor is 'very communicative', which indicates clear and timely communication, as well as a high level of availability.",
CHEM_20B_COMBINED_REPORT,4.63,Instructor's communication and availability,4.85,13,mixed_confidence,Professor Wu is very approachable and seems to care about his students.,classified,True,Professor Wu is very approachable,positive,5,0.9,scored,"The feedback explicitly states that Professor Wu is approachable, which indicates good availability and communication.",
CHEM_20B_COMBINED_REPORT,4.63,Instructor's communication and availability,4.85,13,mixed_confidence,Dr. Wu showed a lot of concern for the students and was always making sure to answer any confusion.,classified,True,Dr. Wu showed a lot of concern for the students and was always making sure to answer any confusion.,positive,5,1.0,scored,"The feedback explicitly mentions Dr. Wu's availability and willingness to address student concerns, indicating that he is highly available.",
CHEM_20B_COMBINED_REPORT,4.63,Instructor's communication and availability,4.85,13,mixed_confidence,Eric Wu cares about his students and provides ample support and resources.,classified,True,Eric Wu cares about his students and provides ample support and resources.,positive,4,0.7,scored,"The feedback explicitly states that Eric Wu provides ample support and resources, indicating that he is available and communicative with his students.",
CHEM_20B_COMBINED_REPORT,4.63,Instructor's communication and availability,4.85,13,mixed_confidence,"Instructor was communicative, approachable, and very concerned with student success.",classified,True,"Instructor was communicative, approachable, and very concerned with student success.",positive,5,1.0,scored,"The feedback explicitly mentions the instructor's availability and concern for student success, indicating that they are highly available and communicative.",
CHEM_20B_COMBINED_REPORT,4.63,Instructor's communication and availability,4.85,13,mixed_confidence,Eric helped to make Chemistry approachable.,classified,True,Eric helped to make Chemistry approachable.,positive,5,1.0,scored,"The feedback explicitly mentions Eric's role in making chemistry 'approachable', which indicates his accessibility and availability.",
CHEM_20B_COMBINED_REPORT,4.63,Instructor's communication and availability,4.85,13,mixed_confidence,Professor Wu is extremely organized and adapts based on feedback.,classified,True,Professor Wu is extremely organized,positive,5,0.8,scored,"The feedback explicitly mentions Professor Wu's organization, which is directly related to instructor's communication and availability.",
CHEM_20B_COMBINED_REPORT,4.63,Instructor's communication and availability,4.85,13,mixed_confidence,Very organized and great communication.,classified,True,Very organized and great communication.,positive,5,0.8,scored,"The feedback mentions that the instructor is 'very organized' and has 'great communication', which suggests that they are available and responsive.",
CHEM_20B_COMBINED_REPORT,4.63,Instructor's communication and availability,4.85,13,mixed_confidence,Some strengths include organization and being welcoming.,classified,True,being welcoming,positive,4,0.5,scored,"The instructor's welcoming nature suggests they are available and approachable, which is a positive aspect of their communication and availability.",
CHEM_20B_COMBINED_REPORT,4.63,Inclusivity and sense of belonging,5.0,4,low_sample,"Very excellent professor and lecturer. The environment he fosters for his students is impeccable, and his dedication towards his students shines.",classified,True,The environment he fosters for his students is impeccable...,positive,5,0.8,scored,"This quote explicitly mentions the instructor fostering an excellent environment, which aligns with the topic of inclusivity and sense of belonging.","Summary of Inclusivity and sense of belonging: 4 assigned comments; 4 scored; average 5.0/5; 4 positive, 0 neutral, 0 negative. Here is a concise sentence summarizing the qualitative themes: The course created a welcoming and inclusive environment, with Professor Wu's efforts to accommodate different learning styles and make students feel welcome being particularly notable."
CHEM_20B_COMBINED_REPORT,4.63,Inclusivity and sense of belonging,5.0,4,low_sample,Professor Wu is extremely understanding and caring about his students needs. During the fires he was the only professor of mine to offer accommodations to those struggling. Not only is he extremely kind but he is a very good lecturer as well.,classified,True,During the fires he was the only professor of mine to offer accommodations to those struggling.,positive,5,0.8,scored,"The instructor is shown to be caring about students' needs, which directly implies a sense of belonging and inclusivity.",
CHEM_20B_COMBINED_REPORT,4.63,Inclusivity and sense of belonging,5.0,4,low_sample,Professor Wu is a fantastic professor all around. He accounts for different learning styles and is very thorough in his lectures.,classified,True,He accounts for different learning styles,positive,5,0.8,scored,"The feedback explicitly mentions that Professor Wu 'accounts for different learning styles', which shows that he makes an effort to include and cater to different students, indicating a high level of inclusivity.",
CHEM_20B_COMBINED_REPORT,4.63,Inclusivity and sense of belonging,5.0,4,low_sample,Professor Wu was very good about making students feel welcome and he made himself very approachable.,classified,True,Professor Wu was very good about making students feel welcome,positive,5,0.8,scored,"The feedback explicitly mentions Professor Wu's effort to make students feel welcome, indicating a high level of inclusivity and sense of belonging.",
CHEM_20B_COMBINED_REPORT,4.63,Assessment,4.5,2,low_sample,Very good at lecturing and very good at giving extra materials to study. Tests and homework were very fair and tested what we learned in class. One of the best professors I have had at UCLA in 5 quarters.,classified,True,Tests and homework were very fair and tested what we learned in class.,positive,5,0.8,scored,"The feedback explicitly mentions that tests and homework were very fair, which indicates alignment with course material.","Summary of Assessment: 2 assigned comments; 2 scored; average 4.5/5; 2 positive, 0 neutral, 0 negative. The course assessments were generally considered fair and well-aligned with the material, with students appreciating the clarity of exams and tests."
CHEM_20B_COMBINED_REPORT,4.63,Assessment,4.5,2,low_sample,All the info needed for exams were on his slides and given to us. I think the exams tested our knowledge adequately. I think the pace of his class was quick which made me overwhelmed at times.,classified,True,All the info needed for exams were on his slides and given to us.,positive,4,0.8,scored,"The feedback indicates that assessments (exams) tested students' knowledge adequately, which suggests alignment with course material.",
CHEM_20B_COMBINED_REPORT,4.63,Grading and feedback,5.0,1,low_sample,Fair with his exams and an excellent lecturer,classified,True,Fair with his exams,positive,5,1.0,scored,"The feedback explicitly mentions fairness in grading, indicating that the professor provides helpful and fair feedback on performance.","Summary of Grading and feedback: One assigned comment was positive with a score of 5/5, citing: ""Fair with his exams and an excellent lecturer"""
CHEM_20B_COMBINED_REPORT,4.63,Learning resources and materials,4.83,24,reliable,"Eric Wu is a HUGE step up from the last professor who taught chemistry. He is a phenomenal educator who focuses mostly on the logical and understanding parts of chemistry. Taking out most of the memorizing parts, it allows students to fully immerse into thinking how chemistry works. Afterall, it is how the exams, homework, and discussions are structured, solving through deconstruction and reconstruction of the problem. The lectures themselves explains thoroughly through the steps of each step, calculations, or concept. Lectures are beautifully structured with multiple options to engage such as asking questions during the lecture through a QR code, provided downloadable notes, office hours, and plenty more.",classified,True,"The lectures themselves explains thoroughly through the steps of each step, calculations, or concept.",positive,5,1.0,scored,"This quote highlights the thoroughness and clarity of Eric Wu's lecture notes, which are a key aspect of learning resources and materials.","Summary of Learning resources and materials: 24 assigned comments; 24 scored; average 4.83/5; 23 positive, 1 neutral, 0 negative. Students consistently praise Professor Wu's learning resources and materials, including his thorough lecture notes, helpful practice problems, and organized review sessions, which they found to be extremely useful in understanding course concepts."
CHEM_20B_COMBINED_REPORT,4.63,Learning resources and materials,4.83,24,reliable,"Professor Wu is a wonderful teacher and is very organized and clear with his teaching. I appreciate that he provided a myriad of resources and practice material along with lecture notes and midterm review sessions. He explains well the content of the class and makes frequent pauses throughout his lectures for answering questions. I appreciate that he is a fair grader and provides opportunities for students to achieve the best grade possible in the class. The pace of the class did seem a bit fast and rushed at times, but overall, Professor Wu did a good job of covering the material well in the ten weeks of the quarter.",classified,True,He provided a myriad of resources and practice material along with lecture notes and midterm review sessions.,positive,5,1.0,scored,"The feedback explicitly mentions the variety and helpfulness of learning materials, indicating that they were very helpful and supported learning significantly.",
CHEM_20B_COMBINED_REPORT,4.63,Learning resources and materials,4.83,24,reliable,"Dr. Wu's knowledge of chemistry is evident in his teaching. Every lecture was well prepared and provided information in a clear and organized way. It is also obvious that Dr. Wu truly cares about helping students learn. He provides a lot of helpful resources before every exam and also holds review sessions. Overall, he is a great teacher.",classified,True,He provides a lot of helpful resources before every exam...,positive,5,1.0,scored,"The feedback explicitly mentions that Dr. Wu provides helpful resources, which is concrete evidence for this topic.",
CHEM_20B_COMBINED_REPORT,4.63,Learning resources and materials,4.83,24,reliable,"One of Wu's greatest strengths is his lecture–filled notes. If we are already familiar with the course material, we can just follow the lecture with the notes without having to write down anything. It is also a great tool for reviewing before, say, a midterm or the final exam. Another great strength of his is his coffee hours that he has with students after class. It's nice to get to know your teacher personally and establish a great connection. His final strength is the review sessions he has before midterms. They are well–organized and go over a good chunk of the material. The only weakness I can think of with Wu is how fast he goes during his lectures.",classified,True,One of Wu's greatest strengths is his lecture–filled notes.,positive,5,0.9,scored,"The feedback explicitly mentions that the lecture-filled notes are a great tool for reviewing, indicating that they were very helpful.",
CHEM_20B_COMBINED_REPORT,4.63,Learning resources and materials,4.83,24,reliable,"Eric explains concepts very clearly with an emphasis on intuition and he encourages students to understand the material rather than rely solely on rote memory. His enthusiasm for chemistry is contagious. He is extremely welcoming, knowledgeable, approachable, and responsive to questions, and he takes the time to make sure students understand what is going on.",classified,True,He explains concepts very clearly with an emphasis on intuition and he encourages students to understand the material rather than rely solely on rote memory.,positive,5,1.0,scored,"The feedback explicitly mentions how useful or helpful the learning materials were, stating that Eric explains concepts very clearly, which suggests that the resources provided were effective in supporting learning.",
CHEM_20B_COMBINED_REPORT,4.63,Learning resources and materials,4.83,24,reliable,Very good at lecturing and very good at giving extra materials to study. Tests and homework were very fair and tested what we learned in class. One of the best professors I have had at UCLA in 5 quarters.,classified,True,Very good at giving extra materials to study.,positive,5,0.8,scored,The professor provided 'extra materials to study' which demonstrates the quality of the learning resources and materials.,
CHEM_20B_COMBINED_REPORT,4.63,Learning resources and materials,4.83,24,reliable,"Professor Wu was very organized with his lecture notes and always posted materials online, which were very helpful. His review sessions prior to midterms were also very helpful and definitely contributed to my success in the class.",classified,True,"Professor Wu was very organized with his lecture notes and always posted materials online, which were very helpful.",positive,5,0.8,scored,"The feedback explicitly mentions the helpfulness of Professor Wu's lecture notes and online materials, indicating a strong positive sentiment for this topic.",
CHEM_20B_COMBINED_REPORT,4.63,Learning resources and materials,4.83,24,reliable,"Very organized, very manageable workload and difficulty, extremely helpful resources and practice problems for studying, lectures moved a little fast at times but not too bad, very conducive to learning overall",classified,True,extremely helpful resources,positive,5,1.0,scored,"The feedback explicitly mentions that the resources provided were 'extremely helpful', indicating a strong support for learning.",
CHEM_20B_COMBINED_REPORT,4.63,Learning resources and materials,4.83,24,reliable,Great lecture style and posts notes and recordings which is very useful. Test prep is provided which I like. No complaints!,classified,True,posts notes and recordings which is very useful,positive,5,0.9,scored,"The feedback explicitly mentions that the lecture notes and recordings are 'very useful', indicating a high level of support for learning.",
CHEM_20B_COMBINED_REPORT,4.63,Learning resources and materials,4.83,24,reliable,All the info needed for exams were on his slides and given to us. I think the exams tested our knowledge adequately. I think the pace of his class was quick which made me overwhelmed at times.,classified,True,All the info needed for exams were on his slides and given to us.,positive,5,0.8,scored,"The feedback explicitly mentions that all necessary information was provided, which suggests that the learning resources and materials were very helpful.",
CHEM_20B_COMBINED_REPORT,4.63,Learning resources and materials,4.83,24,reliable,"I was already quite knowledgeable about the course material before taking this course, but I still found professor Wu to be an incredibly dedicated and knowledgeable professor.",classified,True,I still found professor Wu to be an incredibly dedicated and knowledgeable professor.,positive,5,0.8,scored,"The feedback explicitly mentions that the professor was 'incredibly dedicated and knowledgeable', which suggests that the learning resources and materials provided by the professor were very helpful and clear.",
CHEM_20B_COMBINED_REPORT,4.63,Learning resources and materials,4.83,24,reliable,"Professor Wu led an organized, well structured class with a lot of helpful resources.",classified,True,"Professor Wu led an organized, well structured class with a lot of helpful resources.",positive,5,0.8,scored,"The feedback explicitly mentions that Professor Wu provided 'a lot of helpful resources', which indicates that the learning materials were very helpful and supported understanding.",
CHEM_20B_COMBINED_REPORT,4.63,Learning resources and materials,4.83,24,reliable,"Great lecturer and note taker, though tends to talk too quickly.",classified,True,Great lecturer and note taker,positive,4,0.8,scored,"The feedback praises the lecturer and note-taker, indicating helpful learning resources.",
CHEM_20B_COMBINED_REPORT,4.63,Learning resources and materials,4.83,24,reliable,He was an amazing professor who provided us with so much resources and truly wanted us to succeed.,classified,True,He was an amazing professor who provided us with so much resources...,positive,5,0.8,scored,"The feedback explicitly mentions that the professor provided many resources, which is concrete evidence for this topic.",
CHEM_20B_COMBINED_REPORT,4.63,Learning resources and materials,4.83,24,reliable,"Phenomenal professor, explains everything thoroughly in lectures and prepares perfect practice and review sessions.",classified,True,explains everything thoroughly in lectures and prepares perfect practice and review sessions.,positive,5,0.9,scored,"The feedback explicitly mentions that the professor 'prepares perfect practice and review sessions', which indicates that the learning resources and materials were very helpful and clear.",
CHEM_20B_COMBINED_REPORT,4.63,Learning resources and materials,4.83,24,reliable,"Professor Eric was always prepared with clear lectures and notes, and provided us with various resources.",classified,True,"Professor Eric was always prepared with clear lectures and notes, and provided us with various resources.",positive,5,0.9,scored,"The feedback explicitly mentions the availability of various resources, indicating that they were helpful.",
CHEM_20B_COMBINED_REPORT,4.63,Learning resources and materials,4.83,24,reliable,I like his teaching and the problem set problems are effective in teaching me the material.,classified,True,the problem set problems are effective in teaching me the material,positive,4,0.8,scored,"The feedback explicitly mentions that the learning materials (problem sets) were helpful and effective in teaching the material, which suggests a high level of usefulness.",
CHEM_20B_COMBINED_REPORT,4.63,Learning resources and materials,4.83,24,reliable,Eric Wu cares about his students and provides ample support and resources.,classified,True,provides ample support and resources.,positive,5,0.8,scored,"The feedback explicitly praises the provision of ample support and resources, indicating that Eric Wu's learning materials are very helpful.",
CHEM_20B_COMBINED_REPORT,4.63,Learning resources and materials,4.83,24,reliable,The professor clearly cares about student learning and provides plenty of helpful material.,classified,True,The professor clearly cares about student learning and provides plenty of helpful material.,positive,5,0.8,scored,"The feedback explicitly mentions that the professor provides helpful materials, indicating a high level of support for this topic.",
CHEM_20B_COMBINED_REPORT,4.63,Learning resources and materials,4.83,24,reliable,Professor Wu was very organized in his lecture notes and very good at breaking down complicated concepts.,classified,True,Professor Wu was very organized in his lecture notes,positive,5,0.8,scored,"The feedback explicitly mentions Professor Wu's organization and clarity, which suggests that the learning resources and materials were very helpful.",
CHEM_20B_COMBINED_REPORT,4.63,Learning resources and materials,4.83,24,reliable,Strengths: simplifying course material. Weakness: fast pacing.,classified,True,Strengths: simplifying course material.,neutral,3,0.7,scored,"The feedback mentions simplifying course material as a strength, which suggests that the learning resources and materials were adequate and supported basic understanding.",
CHEM_20B_COMBINED_REPORT,4.63,Learning resources and materials,4.83,24,reliable,Dr. Wu hosts helpful review sessions and makes lectures entertaining.,classified,True,Dr. Wu hosts helpful review sessions,positive,5,0.8,scored,"The feedback mentions that Dr. Wu hosts 'helpful' review sessions, indicating that the learning resources and materials provided are supportive of learning.",
CHEM_20B_COMBINED_REPORT,4.63,Learning resources and materials,4.83,24,reliable,I really like the notes for this course.,classified,True,I really like the notes for this course.,positive,5,1.0,scored,"The feedback explicitly mentions that the notes were liked, which suggests that the learning resources and materials were very helpful and supported understanding well.",
CHEM_20B_COMBINED_REPORT,4.63,Learning resources and materials,4.83,24,reliable,"Very organized, and the class material is easy to understand.",classified,True,the class material is easy to understand,positive,5,0.7,scored,"The feedback explicitly states that the class material is 'easy to understand', which suggests that the learning resources and materials were very helpful and clear.",
CHEM_20B_COMBINED_REPORT,4.63,None of the above / Other,,0,not_scored,Excellent Professor. Such a shame he isn't teaching OChem next quarter,classified,,,,,,not_applicable,Generic or non-actionable feedback; no rubric score assigned.,"Summary of None of the above / Other: 37 generic or uncategorized comments; excluded from rubric averages. The majority of comments praise Professor Wu's exceptional teaching, highlighting his kindness, understanding, and genuine care for students, with many noting his enthusiasm, passion, and dedication to student learning."
CHEM_20B_COMBINED_REPORT,4.63,None of the above / Other,,0,not_scored,Incredible teacher that was fair and taught me a lot!,classified,,,,,,not_applicable,Generic or non-actionable feedback; no rubric score assigned.,
CHEM_20B_COMBINED_REPORT,4.63,None of the above / Other,,0,not_scored,Best professor ever,classified,,,,,,not_applicable,Generic or non-actionable feedback; no rubric score assigned.,
CHEM_20B_COMBINED_REPORT,4.63,None of the above / Other,,0,not_scored,"Instructor E.C. Wu demonstrates several strengths in his teaching, including kindness, understanding, and a genuine care for his students.",classified,,,,,,not_applicable,Generic or non-actionable feedback; no rubric score assigned.,
CHEM_20B_COMBINED_REPORT,4.63,None of the above / Other,,0,not_scored,Professor Wu is great!,classified,,,,,,not_applicable,Generic or non-actionable feedback; no rubric score assigned.,
CHEM_20B_COMBINED_REPORT,4.63,None of the above / Other,,0,not_scored,Chemistry 20B can be challenging at times but Professor Wu was probably the best person for the job.,classified,,,,,,not_applicable,Generic or non-actionable feedback; no rubric score assigned.,
CHEM_20B_COMBINED_REPORT,4.63,None of the above / Other,,0,not_scored,I think that Dr. Wu was an excellent professor and one of the best professors I have had so far.,classified,,,,,,not_applicable,Generic or non-actionable feedback; no rubric score assigned.,
CHEM_20B_COMBINED_REPORT,4.63,None of the above / Other,,0,not_scored,Eric Wu is the best professor I have had so far at UCLA.,classified,,,,,,not_applicable,Generic or non-actionable feedback; no rubric score assigned.,
CHEM_20B_COMBINED_REPORT,4.63,None of the above / Other,,0,not_scored,"He has no weaknesses, his main strength is the way he can teach.",classified,,,,,,not_applicable,Generic or non-actionable feedback; no rubric score assigned.,
CHEM_20B_COMBINED_REPORT,4.63,None of the above / Other,,0,not_scored,Eric Wu is my goat.,classified,,,,,,not_applicable,Generic or non-actionable feedback; no rubric score assigned.,
CHEM_20B_COMBINED_REPORT,4.63,None of the above / Other,,0,not_scored,Dr. Wu genuinely cares for his students and wants us to succeed.,classified,,,,,,not_applicable,Generic or non-actionable feedback; no rubric score assigned.,
CHEM_20B_COMBINED_REPORT,4.63,None of the above / Other,,0,not_scored,Professor Wu is thorough and complete in his teaching.,classified,,,,,,not_applicable,Generic or non-actionable feedback; no rubric score assigned.,
CHEM_20B_COMBINED_REPORT,4.63,None of the above / Other,,0,not_scored,"Everything helped me learn, and no time was wasted.",classified,,,,,,not_applicable,Generic or non-actionable feedback; no rubric score assigned.,
CHEM_20B_COMBINED_REPORT,4.63,None of the above / Other,,0,not_scored,Professor Wu is an amazing professor who cares deeply about his students.,classified,,,,,,not_applicable,Generic or non-actionable feedback; no rubric score assigned.,
CHEM_20B_COMBINED_REPORT,4.63,None of the above / Other,,0,not_scored,This instructor was very caring and knowledgeable.,classified,,,,,,not_applicable,Generic or non-actionable feedback; no rubric score assigned.,
CHEM_20B_COMBINED_REPORT,4.63,None of the above / Other,,0,not_scored,"Great job, I love this class!",classified,,,,,,not_applicable,Generic or non-actionable feedback; no rubric score assigned.,
CHEM_20B_COMBINED_REPORT,4.63,None of the above / Other,,0,not_scored,Good communicator and always engaged with students.,classified,,,,,,not_applicable,Generic or non-actionable feedback; no rubric score assigned.,
CHEM_20B_COMBINED_REPORT,4.63,None of the above / Other,,0,not_scored,Prof Wu is the GOAT.,classified,,,,,,not_applicable,Generic or non-actionable feedback; no rubric score assigned.,
CHEM_20B_COMBINED_REPORT,4.63,None of the above / Other,,0,not_scored,Eric Wu is one of the nicest professors I have ever had.,classified,,,,,,not_applicable,Generic or non-actionable feedback; no rubric score assigned.,
CHEM_20B_COMBINED_REPORT,4.63,None of the above / Other,,0,not_scored,Eric is such a nice and empathetic person.,classified,,,,,,not_applicable,Generic or non-actionable feedback; no rubric score assigned.,
CHEM_20B_COMBINED_REPORT,4.63,None of the above / Other,,0,not_scored,Very good professor and very interesting.,classified,,,,,,not_applicable,Generic or non-actionable feedback; no rubric score assigned.,
CHEM_20B_COMBINED_REPORT,4.63,None of the above / Other,,0,not_scored,Professor Wu is energetic and capable.,classified,,,,,,not_applicable,Generic or non-actionable feedback; no rubric score assigned.,
CHEM_20B_COMBINED_REPORT,4.63,None of the above / Other,,0,not_scored,Professor Wu was so helpful and passionate.,classified,,,,,,not_applicable,Generic or non-actionable feedback; no rubric score assigned.,
CHEM_20B_COMBINED_REPORT,4.63,None of the above / Other,,0,not_scored,"Keep doing what you're doing, cause everyone loves it!",classified,,,,,,not_applicable,Generic or non-actionable feedback; no rubric score assigned.,
CHEM_20B_COMBINED_REPORT,4.63,None of the above / Other,,0,not_scored,I loved Eric Wu. He is such an enthusiastic professor.,classified,,,,,,not_applicable,Generic or non-actionable feedback; no rubric score assigned.,
CHEM_20B_COMBINED_REPORT,4.63,None of the above / Other,,0,not_scored,Professor Wu is truly an outstanding educator!,classified,,,,,,not_applicable,Generic or non-actionable feedback; no rubric score assigned.,
CHEM_20B_COMBINED_REPORT,4.63,None of the above / Other,,0,not_scored,Professor Wu goes above and beyond for students.,classified,,,,,,not_applicable,Generic or non-actionable feedback; no rubric score assigned.,
CHEM_20B_COMBINED_REPORT,4.63,None of the above / Other,,0,not_scored,"Overall, Professor Wu was an amazing instructor.",classified,,,,,,not_applicable,Generic or non-actionable feedback; no rubric score assigned.,
CHEM_20B_COMBINED_REPORT,4.63,None of the above / Other,,0,not_scored,Professor Wu is an amazing chemistry teacher!,classified,,,,,,not_applicable,Generic or non-actionable feedback; no rubric score assigned.,
CHEM_20B_COMBINED_REPORT,4.63,None of the above / Other,,0,not_scored,Super great lecturer!,classified,,,,,,not_applicable,Generic or non-actionable feedback; no rubric score assigned.,
CHEM_20B_COMBINED_REPORT,4.63,None of the above / Other,,0,not_scored,Eric Wu is the best lecturer I have ever had.,classified,,,,,,not_applicable,Generic or non-actionable feedback; no rubric score assigned.,
CHEM_20B_COMBINED_REPORT,4.63,None of the above / Other,,0,not_scored,Prof Wu is an excellent lecturer and instructor.,classified,,,,,,not_applicable,Generic or non-actionable feedback; no rubric score assigned.,
CHEM_20B_COMBINED_REPORT,4.63,None of the above / Other,,0,not_scored,Dr. Wu genuinely cares about students' learning.,classified,,,,,,not_applicable,Generic or non-actionable feedback; no rubric score assigned.,
CHEM_20B_COMBINED_REPORT,4.63,None of the above / Other,,0,not_scored,Eric is a very knowledgeable professor.,classified,,,,,,not_applicable,Generic or non-actionable feedback; no rubric score assigned.,
CHEM_20B_COMBINED_REPORT,4.63,None of the above / Other,,0,not_scored,Professor Wu is a talented professor.,classified,,,,,,not_applicable,Generic or non-actionable feedback; no rubric score assigned.,
CHEM_20B_COMBINED_REPORT,4.63,None of the above / Other,,0,not_scored,Professor Wu is one of the best professors I've had at UCLA.,classified,,,,,,not_applicable,Generic or non-actionable feedback; no rubric score assigned.,
CHEM_20B_COMBINED_REPORT,4.63,None of the above / Other,,0,not_scored,Eric is the most wonderful professor I have had at UCLA so far.,classified,,,,,,not_applicable,Generic or non-actionable feedback; no rubric score assigned.,
